clip_id,duration_seconds,video_path,ucf_label,project_label,review_decision,notes,reviewer
Abuse001_x264,90.98,/home/aarf101/projtutore/data/raw/ucf_crime/Videos/Abuse/Abuse001_x264.mp4,Abuse (weak clip-level label),unreviewed,,,
Abuse002_x264,28.83,/home/aarf101/projtutore/data/raw/ucf_crime/Videos/Abuse/Abuse002_x264.mp4,Abuse (weak clip-level label),unreviewed,,,
Abuse003_x264,123.30,/home/aarf101/projtutore/data/raw/ucf_crime/Videos/Abuse/Abuse003_x264.mp4,Abuse (weak clip-level label),unreviewed,,,
Abuse004_x264,559.80,/home/aarf101/projtutore/data/raw/ucf_crime/Videos/Abuse/Abuse004_x264.mp4,Abuse (weak clip-level label),unreviewed,,,
Abuse005_x264,31.63,/home/aarf101/projtutore/data/raw/ucf_crime/Videos/Abuse/Abuse005_x264.mp4,Abuse (weak clip-level label),unreviewed,,,
Abuse006_x264,146.00,/home/aarf101/projtutore/data/raw/ucf_crime/Videos/Abuse/Abuse006_x264.mp4,Abuse (weak clip-level label),unreviewed,,,
Abuse007_x264,38.34,/home/aarf101/projtutore/data/raw/ucf_crime/Videos/Abuse/Abuse007_x264.mp4,Abuse (weak clip-level label),unreviewed,,,
Abuse008_x264,280.26,/home/aarf101/projtutore/data/raw/ucf_crime/Videos/Abuse/Abuse008_x264.mp4,Abuse (weak clip-level label),unreviewed,,,
Abuse009_x264,33.48,/home/aarf101/projtutore/data/raw/ucf_crime/Videos/Abuse/Abuse009_x264.mp4,Abuse (weak clip-level label),unreviewed,,,
Abuse010_x264,37.87,/home/aarf101/projtutore/data/raw/ucf_crime/Videos/Abuse/Abuse010_x264.mp4,Abuse (weak clip-level label),unreviewed,,,
Abuse011_x264,121.53,/home/aarf101/projtutore/data/raw/ucf_crime/Videos/Abuse/Abuse011_x264.mp4,Abuse (weak clip-level label),unreviewed,,,
Abuse012_x264,171.03,/home/aarf101/projtutore/data/raw/ucf_crime/Videos/Abuse/Abuse012_x264.mp4,Abuse (weak clip-level label),unreviewed,,,
Abuse013_x264,162.33,/home/aarf101/projtutore/data/raw/ucf_crime/Videos/Abuse/Abuse013_x264.mp4,Abuse (weak clip-level label),unreviewed,,,
Abuse014_x264,86.33,/home/aarf101/projtutore/data/raw/ucf_crime/Videos/Abuse/Abuse014_x264.mp4,Abuse (weak clip-level label),unreviewed,,,
Abuse015_x264,262.50,/home/aarf101/projtutore/data/raw/ucf_crime/Videos/Abuse/Abuse015_x264.mp4,Abuse (weak clip-level label),unreviewed,,,
Abuse016_x264,46.92,/home/aarf101/projtutore/data/raw/ucf_crime/Videos/Abuse/Abuse016_x264.mp4,Abuse (weak clip-level label),unreviewed,,,
Abuse017_x264,64.04,/home/aarf101/projtutore/data/raw/ucf_crime/Videos/Abuse/Abuse017_x264.mp4,Abuse (weak clip-level label),unreviewed,,,
Abuse018_x264,81.13,/home/aarf101/projtutore/data/raw/ucf_crime/Videos/Abuse/Abuse018_x264.mp4,Abuse (weak clip-level label),unreviewed,,,
Abuse019_x264,131.49,/home/aarf101/projtutore/data/raw/ucf_crime/Videos/Abuse/Abuse019_x264.mp4,Abuse (weak clip-level label),unreviewed,,,
Abuse020_x264,103.49,/home/aarf101/projtutore/data/raw/ucf_crime/Videos/Abuse/Abuse020_x264.mp4,Abuse (weak clip-level label),unreviewed,,,
Abuse021_x264,63.79,/home/aarf101/projtutore/data/raw/ucf_crime/Videos/Abuse/Abuse021_x264.mp4,Abuse (weak clip-level label),unreviewed,,,
Abuse022_x264,94.60,/home/aarf101/projtutore/data/raw/ucf_crime/Videos/Abuse/Abuse022_x264.mp4,Abuse (weak clip-level label),unreviewed,,,
Abuse023_x264,33.09,/home/aarf101/projtutore/data/raw/ucf_crime/Videos/Abuse/Abuse023_x264.mp4,Abuse (weak clip-level label),unreviewed,,,
Abuse024_x264,34.09,/home/aarf101/projtutore/data/raw/ucf_crime/Videos/Abuse/Abuse024_x264.mp4,Abuse (weak clip-level label),unreviewed,,,
Abuse025_x264,67.80,/home/aarf101/projtutore/data/raw/ucf_crime/Videos/Abuse/Abuse025_x264.mp4,Abuse (weak clip-level label),unreviewed,,,
Abuse026_x264,66.27,/home/aarf101/projtutore/data/raw/ucf_crime/Videos/Abuse/Abuse026_x264.mp4,Abuse (weak clip-level label),unreviewed,,,
Abuse027_x264,145.73,/home/aarf101/projtutore/data/raw/ucf_crime/Videos/Abuse/Abuse027_x264.mp4,Abuse (weak clip-level label),unreviewed,,,
Abuse029_x264,10.03,/home/aarf101/projtutore/data/raw/ucf_crime/Videos/Abuse/Abuse029_x264.mp4,Abuse (weak clip-level label),unreviewed,,,
Abuse031_x264,148.07,/home/aarf101/projtutore/data/raw/ucf_crime/Videos/Abuse/Abuse031_x264.mp4,Abuse (weak clip-level label),unreviewed,,,
Abuse032_x264,158.34,/home/aarf101/projtutore/data/raw/ucf_crime/Videos/Abuse/Abuse032_x264.mp4,Abuse (weak clip-level label),unreviewed,,,
Abuse033_x264,94.39,/home/aarf101/projtutore/data/raw/ucf_crime/Videos/Abuse/Abuse033_x264.mp4,Abuse (weak clip-level label),unreviewed,,,
Abuse034_x264,52.11,/home/aarf101/projtutore/data/raw/ucf_crime/Videos/Abuse/Abuse034_x264.mp4,Abuse (weak clip-level label),unreviewed,,,
Abuse035_x264,88.38,/home/aarf101/projtutore/data/raw/ucf_crime/Videos/Abuse/Abuse035_x264.mp4,Abuse (weak clip-level label),unreviewed,,,
Abuse036_x264,156.78,/home/aarf101/projtutore/data/raw/ucf_crime/Videos/Abuse/Abuse036_x264.mp4,Abuse (weak clip-level label),unreviewed,,,
Abuse037_x264,59.86,/home/aarf101/projtutore/data/raw/ucf_crime/Videos/Abuse/Abuse037_x264.mp4,Abuse (weak clip-level label),unreviewed,,,
Abuse038_x264,29.70,/home/aarf101/projtutore/data/raw/ucf_crime/Videos/Abuse/Abuse038_x264.mp4,Abuse (weak clip-level label),unreviewed,,,
Abuse039_x264,471.50,/home/aarf101/projtutore/data/raw/ucf_crime/Videos/Abuse/Abuse039_x264.mp4,Abuse (weak clip-level label),unreviewed,,,
Abuse040_x264,113.80,/home/aarf101/projtutore/data/raw/ucf_crime/Videos/Abuse/Abuse040_x264.mp4,Abuse (weak clip-level label),unreviewed,,,
Abuse041_x264,46.17,/home/aarf101/projtutore/data/raw/ucf_crime/Videos/Abuse/Abuse041_x264.mp4,Abuse (weak clip-level label),unreviewed,,,
Abuse042_x264,949.25,/home/aarf101/projtutore/data/raw/ucf_crime/Videos/Abuse/Abuse042_x264.mp4,Abuse (weak clip-level label),unreviewed,,,
Abuse043_x264,129.06,/home/aarf101/projtutore/data/raw/ucf_crime/Videos/Abuse/Abuse043_x264.mp4,Abuse (weak clip-level label),unreviewed,,,
Abuse044_x264,131.40,/home/aarf101/projtutore/data/raw/ucf_crime/Videos/Abuse/Abuse044_x264.mp4,Abuse (weak clip-level label),unreviewed,,,
Abuse045_x264,169.60,/home/aarf101/projtutore/data/raw/ucf_crime/Videos/Abuse/Abuse045_x264.mp4,Abuse (weak clip-level label),unreviewed,,,
Abuse046_x264,38.77,/home/aarf101/projtutore/data/raw/ucf_crime/Videos/Abuse/Abuse046_x264.mp4,Abuse (weak clip-level label),unreviewed,,,
Abuse047_x264,52.22,/home/aarf101/projtutore/data/raw/ucf_crime/Videos/Abuse/Abuse047_x264.mp4,Abuse (weak clip-level label),unreviewed,,,
Abuse048_x264,114.01,/home/aarf101/projtutore/data/raw/ucf_crime/Videos/Abuse/Abuse048_x264.mp4,Abuse (weak clip-level label),unreviewed,,,
Abuse049_x264,71.31,/home/aarf101/projtutore/data/raw/ucf_crime/Videos/Abuse/Abuse049_x264.mp4,Abuse (weak clip-level label),unreviewed,,,
Abuse050_x264,162.07,/home/aarf101/projtutore/data/raw/ucf_crime/Videos/Abuse/Abuse050_x264.mp4,Abuse (weak clip-level label),unreviewed,,,
