snippet,start_seconds,end_seconds,offline,online
0,0.0,0.6666666666666666,0.8317239880561829,0.6678623557090759
1,0.6666666666666666,1.3333333333333333,0.8768418431282043,0.855073869228363
2,1.3333333333333333,2.0,0.9153369069099426,0.9707914590835571
3,2.0,2.6666666666666665,0.9138333201408386,0.9884622693061829
4,2.6666666666666665,3.3333333333333335,0.9122800827026367,0.9895182847976685
5,3.3333333333333335,4.0,0.9277642369270325,0.9603124856948853
6,4.0,4.666666666666667,0.9520038962364197,0.9777618646621704
7,4.666666666666667,5.333333333333333,0.9828025698661804,0.9963920712471008
8,5.333333333333333,6.0,0.9910367131233215,0.9976823925971985
9,6.0,6.666666666666667,0.9832631945610046,0.9985550045967102
10,6.666666666666667,7.333333333333333,0.9631969332695007,0.9987306594848633
11,7.333333333333333,8.0,0.9467543959617615,0.9979085922241211
12,8.0,8.666666666666666,0.9309650659561157,0.9956203699111938
13,8.666666666666666,9.333333333333334,0.9457646608352661,0.9931038022041321
14,9.333333333333334,10.0,0.9340206384658813,0.9502077102661133
15,10.0,10.666666666666666,0.9271441698074341,0.9512664079666138
16,10.666666666666666,11.333333333333334,0.9458083510398865,0.9781813025474548
17,11.333333333333334,12.0,0.9639778137207031,0.9755969047546387
18,12.0,12.666666666666666,0.9787251353263855,0.9787722826004028
19,12.666666666666666,13.333333333333334,0.9824220538139343,0.9935604929924011
20,13.333333333333334,14.0,0.9803577661514282,0.9972686171531677
21,14.0,14.666666666666666,0.9731179475784302,0.9992653727531433
22,14.666666666666666,15.333333333333334,0.9500868916511536,0.999128520488739
23,15.333333333333334,16.0,0.9302091598510742,0.9959672093391418
24,16.0,16.666666666666668,0.9096770286560059,0.9764379858970642
25,16.666666666666668,17.333333333333332,0.9212314486503601,0.9734700322151184
26,17.333333333333332,18.0,0.9551500678062439,0.9700424075126648
27,18.0,18.666666666666668,0.981259822845459,0.9440405964851379
28,18.666666666666668,19.333333333333332,0.9923057556152344,0.9816061854362488
29,19.333333333333332,20.0,0.9959413409233093,0.997088611125946
30,20.0,20.666666666666668,0.9979017376899719,0.9987598657608032
31,20.666666666666668,21.333333333333332,0.9985464215278625,0.998297393321991
32,21.333333333333332,22.0,0.9990865588188171,0.9989919662475586
33,22.0,22.666666666666668,0.9994016885757446,0.9985309839248657
34,22.666666666666668,23.333333333333332,0.9995231628417969,0.9988374710083008
35,23.333333333333332,24.0,0.9996539354324341,0.9991511702537537
36,24.0,24.666666666666668,0.9995207190513611,0.9994264841079712
37,24.666666666666668,25.333333333333332,0.9992060661315918,0.999833881855011
38,25.333333333333332,26.0,0.9981069564819336,0.9998894929885864
39,26.0,26.666666666666668,0.9958997964859009,0.9996971487998962
40,26.666666666666668,27.333333333333332,0.9931651949882507,0.9985605478286743
41,27.333333333333332,28.0,0.991424560546875,0.9991440176963806
42,28.0,28.666666666666668,0.9912627339363098,0.9983455538749695
43,28.666666666666668,29.333333333333332,0.9881243109703064,0.9973917007446289
44,29.333333333333332,30.0,0.9797553420066833,0.9989962577819824
45,30.0,30.666666666666668,0.9539325833320618,0.9986063241958618
